-- phpMyAdmin SQL Dump
-- version 4.5.4.1deb2ubuntu2
-- http://www.phpmyadmin.net
--
-- Host: localhost
-- Generation Time: Jun 25, 2017 at 01:22 PM
-- Server version: 5.7.18-0ubuntu0.16.04.1
-- PHP Version: 7.0.18-1+deb.sury.org~xenial+1

SET SQL_MODE = "NO_AUTO_VALUE_ON_ZERO";
SET time_zone = "+00:00";


/*!40101 SET @OLD_CHARACTER_SET_CLIENT=@@CHARACTER_SET_CLIENT */;
/*!40101 SET @OLD_CHARACTER_SET_RESULTS=@@CHARACTER_SET_RESULTS */;
/*!40101 SET @OLD_COLLATION_CONNECTION=@@COLLATION_CONNECTION */;
/*!40101 SET NAMES utf8mb4 */;

--
-- Database: `Chat`
--

-- --------------------------------------------------------

--
-- Table structure for table `chat_room`
--

CREATE TABLE `chat_room` (
  `id` int(11) NOT NULL,
  `sender` varchar(50) COLLATE utf8_unicode_ci NOT NULL,
  `message` text COLLATE utf8_unicode_ci NOT NULL,
  `posted` timestamp NOT NULL DEFAULT CURRENT_TIMESTAMP ON UPDATE CURRENT_TIMESTAMP,
  `time_post` int(11) DEFAULT '5',
  `time_receive` int(11) DEFAULT '5',
  `room_id` int(11) NOT NULL
) ENGINE=InnoDB DEFAULT CHARSET=utf8 COLLATE=utf8_unicode_ci;

--
-- Dumping data for table `chat_room`
--

INSERT INTO `chat_room` (`id`, `sender`, `message`, `posted`, `time_post`, `time_receive`, `room_id`) VALUES
(268, '1', 'alo', '2017-06-25 06:18:40', 5, 5, 1),
(269, '1', 'alo', '2017-06-25 06:18:40', 5, 5, 1),
(270, '1', 'alo', '2017-06-25 06:18:40', 5, 5, 1),
(271, '1', 'alo', '2017-06-25 06:18:40', 5, 5, 1),
(272, '1', 'a', '2017-06-25 06:18:40', 5, 5, 1),
(273, '1', 'a', '2017-06-25 06:18:40', 5, 5, 1),
(274, '1', 'dsad', '2017-06-25 06:18:40', 5, 5, 1),
(275, '1', 'da', '2017-06-25 06:18:40', 5, 5, 1),
(276, '1', 'sad', '2017-06-25 06:18:40', 5, 5, 1),
(277, '1', 'asd', '2017-06-25 06:18:40', 5, 5, 1),
(278, '1', 'a', '2017-06-25 06:18:40', 5, 5, 1),
(279, '1', 'alo', '2017-06-25 06:18:40', 5, 5, 1),
(280, '1', 'alo', '2017-06-25 06:18:40', 5, 5, 1),
(281, '10', 'alo', '2017-06-25 06:18:40', 5, 5, 1),
(282, '10', 'alo', '2017-06-25 06:18:40', 5, 5, 1),
(283, '10', 'a', '2017-06-25 06:18:40', 5, 5, 1),
(284, '10', 'a', '2017-06-25 06:18:40', 5, 5, 1),
(285, '10', 'a', '2017-06-25 06:18:40', 5, 5, 1),
(286, '10', 'a', '2017-06-25 06:18:40', 5, 5, 1),
(287, '10', 'a', '2017-06-25 06:18:40', 5, 5, 1),
(288, '10', 'a', '2017-06-25 06:18:40', 5, 5, 1),
(289, '10', 'a', '2017-06-25 06:18:40', 5, 5, 1),
(290, '10', 'a', '2017-06-25 06:18:40', 5, 5, 1),
(291, '10', 'a', '2017-06-25 06:18:40', 5, 5, 1),
(292, '10', 'a', '2017-06-25 06:18:40', 5, 5, 1),
(293, '10', 'a', '2017-06-25 06:18:40', 5, 5, 1),
(294, '10', 'a', '2017-06-25 06:18:40', 5, 5, 1),
(295, '10', 'a', '2017-06-25 06:18:40', 5, 5, 1),
(296, '10', 'a', '2017-06-25 06:18:40', 5, 5, 1),
(297, 'admin', 'hi', '2017-06-25 06:21:02', 5, 5, 1);

-- --------------------------------------------------------

--
-- Table structure for table `chat_user`
--

CREATE TABLE `chat_user` (
  `id` int(11) NOT NULL,
  `sender` varchar(20) COLLATE utf8_unicode_ci NOT NULL,
  `message` text COLLATE utf8_unicode_ci NOT NULL,
  `posted` datetime NOT NULL,
  `time_post` int(11) DEFAULT '15',
  `time_receive` int(11) DEFAULT '15',
  `is_read` int(11) DEFAULT '0',
  `user_user_id` int(11) NOT NULL
) ENGINE=InnoDB DEFAULT CHARSET=utf8 COLLATE=utf8_unicode_ci;

--
-- Dumping data for table `chat_user`
--

INSERT INTO `chat_user` (`id`, `sender`, `message`, `posted`, `time_post`, `time_receive`, `is_read`, `user_user_id`) VALUES
(1, '1', 'Hi User', '2017-06-22 21:49:42', 0, 0, 1, 1),
(2, '2', 'Hi Admin', '2017-06-22 21:49:43', 0, 0, 1, 1),
(3, '1', 'alo', '2017-06-22 21:49:42', 0, 0, 1, 1),
(4, '1', 'Hii', '2017-06-22 21:49:42', 0, 15, 0, 3),
(5, '1', 'helllooooo', '2017-06-22 21:49:42', 0, 15, 0, 3),
(6, '1', 'hihi', '2017-06-22 21:49:42', 0, 15, 0, 3),
(7, '1', 'he', '2017-06-22 21:49:42', 0, 15, 0, 3),
(8, '1', 'dsad', '2017-06-22 21:49:42', 0, 0, 1, 1),
(9, '1', 'alo', '2017-06-22 21:49:42', 0, 15, 0, 3),
(10, '1', 'alo', '2017-06-22 21:49:42', 0, 15, 0, 3),
(11, '2', 'alo', '2017-06-22 21:44:22', 0, 15, 0, 4),
(12, '4', 'adas', '2017-06-22 21:44:22', 15, 0, 1, 10),
(13, '4', 'adasdasd', '2017-06-22 21:44:22', 15, 0, 1, 10),
(14, '4', 'sad', '2017-06-22 21:44:22', 15, 0, 1, 10),
(15, '4', 'd', '2017-06-22 21:44:22', 15, 0, 1, 10),
(16, '4', 'd', '2017-06-22 21:44:22', 15, 0, 1, 10),
(17, '4', 'd', '2017-06-22 21:44:22', 15, 0, 1, 10),
(18, '4', 'd', '2017-06-22 21:44:22', 15, 0, 1, 10),
(19, '4', 'd', '2017-06-22 21:44:22', 15, 0, 1, 10),
(20, '4', 'a', '2017-06-22 21:44:22', 15, 0, 1, 10),
(21, '4', 'asd', '2017-06-22 21:44:22', 15, 0, 1, 10),
(22, '4', 'd', '2017-06-22 21:44:22', 15, 0, 1, 10),
(23, '4', 'd', '2017-06-22 21:44:22', 15, 0, 1, 10),
(24, '4', 'das', '2017-06-22 21:44:22', 15, 0, 1, 10),
(25, '4', 'sad', '2017-06-22 21:44:22', 15, 0, 1, 10),
(26, '4', 'd', '2017-06-22 21:44:22', 15, 0, 1, 10),
(27, '4', 's', '2017-06-22 21:44:22', 15, 0, 1, 10),
(28, '4', 'asd', '2017-06-22 21:49:43', 15, 0, 1, 6),
(29, '4', 'dsad', '2017-06-22 21:49:43', 15, 0, 1, 6),
(30, '4', 'hih', '2017-06-22 21:49:43', 15, 0, 1, 6),
(31, '4', 'alo', '2017-06-22 21:49:43', 15, 0, 1, 6),
(32, '4', 'hii', '2017-06-22 21:44:22', 15, 0, 1, 7),
(33, '1', 'hii', '2017-06-22 21:49:42', 0, 15, 0, 6),
(34, '4', 'alo', '2017-06-22 21:44:22', 15, 0, 1, 7),
(39, '1', 'abc', '2017-06-22 21:49:42', 0, 15, 0, 6),
(41, '1', 'alo', '2017-06-22 21:49:42', 0, 0, 1, 1),
(42, '1', 'hih', '2017-06-22 21:49:42', 0, 0, 1, 1),
(45, '1', 'a', '2017-06-22 21:49:42', 0, 15, 0, 3),
(46, '1', 'a', '2017-06-22 21:49:42', 0, 15, 0, 3),
(48, '1', 'a', '2017-06-22 21:49:42', 0, 15, 0, 6),
(50, '1', 'a', '2017-06-22 21:49:42', 0, 15, 0, 6),
(51, '1', 'b', '2017-06-22 21:49:42', 0, 0, 1, 1),
(52, '1', 'c', '2017-06-22 21:49:42', 0, 0, 1, 1),
(54, '1', 'b', '2017-06-22 21:49:42', 0, 0, 1, 1),
(56, '1', 'đấ', '2017-06-22 21:49:42', 0, 15, 0, 3),
(59, '1', 'đâs', '2017-06-22 21:49:42', 0, 15, 0, 3),
(62, '1', 'a', '2017-06-22 21:49:42', 0, 0, 1, 1),
(63, '1', 'a', '2017-06-22 21:49:42', 0, 15, 0, 3),
(64, '1', 'a', '2017-06-22 21:49:42', 0, 0, 1, 1),
(65, '1', 'a', '2017-06-22 21:49:42', 0, 0, 1, 1),
(66, '1', 'b', '2017-06-22 21:49:42', 0, 15, 0, 6),
(67, '1', 'b', '2017-06-22 21:49:42', 0, 15, 0, 6),
(68, '1', '1', '2017-06-22 21:49:42', 0, 0, 1, 1),
(69, '1', 'a', '2017-06-22 21:49:42', 0, 0, 1, 1),
(70, '1', 'a', '2017-06-22 21:49:42', 0, 15, 0, 6),
(71, '1', 'a', '2017-06-22 21:49:42', 0, 15, 0, 3),
(72, '1', 'a', '2017-06-22 21:49:42', 0, 0, 1, 1),
(73, '1', 'a', '2017-06-22 21:49:42', 0, 15, 0, 3),
(75, '1', 'a', '2017-06-22 21:49:42', 0, 15, 0, 6),
(76, '1', 'a', '2017-06-22 21:49:42', 0, 15, 0, 3),
(77, '1', 'ahih', '2017-06-22 21:49:42', 0, 15, 0, 3),
(78, '1', 'alo', '2017-06-22 21:49:42', 0, 15, 0, 3),
(79, '1', 'al', '2017-06-22 21:49:42', 0, 15, 0, 6),
(80, '1', 'a', '2017-06-22 21:49:42', 0, 0, 1, 1),
(81, '1', 'l', '2017-06-22 21:49:42', 0, 15, 0, 6),
(82, '1', 'l', '2017-06-22 21:49:42', 0, 0, 1, 1),
(84, '1', 'a', '2017-06-22 21:49:42', 0, 15, 0, 6),
(87, 'duyyy', 'aloo', '2017-06-22 21:49:43', 15, 0, 1, 6),
(88, '1', 'alo', '2017-06-22 21:49:42', 0, 15, 0, 6),
(89, 'duyyy', 'ahiiiiiiiiiiiiiiiiiiiiiiii', '2017-06-22 21:49:43', 15, 0, 1, 6),
(90, '1', 'hehe', '2017-06-22 21:49:42', 0, 15, 0, 6),
(91, '1', 'hehe', '2017-06-22 21:49:42', 0, 15, 0, 6),
(92, 'duyyy', 'ahih', '2017-06-22 21:49:43', 15, 0, 1, 6),
(93, 'duyyy', 'alo', '2017-06-22 21:49:43', 15, 0, 1, 6),
(94, 'duyyy', 'alo', '2017-06-22 21:49:43', 15, 0, 1, 6),
(95, '1', 'aloo', '2017-06-22 21:49:42', 0, 15, 0, 6),
(96, '1', 'alo', '2017-06-22 21:49:42', 0, 15, 0, 6),
(97, 'duyyy', 'what', '2017-06-22 21:49:43', 15, 0, 1, 6),
(98, '1', 'what', '2017-06-22 21:49:42', 0, 15, 0, 6),
(99, '1', 'alo', '2017-06-22 21:49:42', 0, 15, 0, 6),
(100, 'duyyy', 'hahaha', '2017-06-22 21:49:43', 15, 0, 1, 6),
(101, '1', 'chan qua di thoi', '2017-06-22 21:49:42', 0, 15, 0, 6),
(102, '1', 'alo', '2017-06-22 21:49:42', 0, 0, 1, 1),
(103, '1', 'al', '2017-06-22 21:49:42', 0, 15, 0, 6),
(104, '1', 'ab', '2017-06-22 21:49:42', 0, 15, 0, 6),
(105, '1', 'a', '2017-06-22 21:49:42', 0, 15, 0, 6),
(106, '1', 'alo', '2017-06-22 21:49:42', 0, 15, 0, 6),
(107, '1', 'alo', '2017-06-22 21:49:42', 0, 15, 0, 6),
(108, '1', 'da', '2017-06-22 21:49:42', 0, 15, 0, 6),
(109, '1', 'dsa', '2017-06-22 21:49:42', 0, 15, 0, 6),
(110, '1', 'alo', '2017-06-22 21:49:42', 0, 15, 0, 6),
(111, '1', 'a', '2017-06-22 21:49:42', 0, 15, 0, 6),
(112, '1', 'a', '2017-06-22 21:49:42', 0, 15, 0, 6),
(113, '1', 'abl', '2017-06-22 21:49:42', 0, 15, 0, 6),
(114, '1', 'ad', '2017-06-22 21:49:42', 0, 15, 0, 6),
(115, '1', 'a', '2017-06-22 21:49:42', 0, 15, 0, 6),
(116, '1', 'ds', '2017-06-22 21:49:42', 0, 15, 0, 6),
(117, '1', 'al', '2017-06-22 21:49:42', 0, 15, 0, 6),
(118, '1', 'a', '2017-06-22 21:49:42', 0, 15, 0, 6),
(119, '1', 'a', '2017-06-22 21:49:42', 0, 15, 0, 6),
(120, '1', 'a', '2017-06-22 21:49:42', 0, 15, 0, 6),
(121, '1', 'a', '2017-06-22 21:49:42', 0, 0, 1, 1),
(122, '1', 'a', '2017-06-22 21:49:42', 0, 15, 0, 6),
(123, '1', 'a', '2017-06-22 21:49:42', 0, 0, 1, 1),
(124, '1', 'b', '2017-06-22 21:49:42', 0, 15, 0, 6),
(125, '1', 'a', '2017-06-22 21:49:42', 0, 15, 0, 3),
(126, '1', 'a', '2017-06-22 21:49:42', 0, 15, 0, 6),
(127, '1', 'a', '2017-06-22 21:49:42', 0, 15, 0, 6),
(128, '1', 'a', '2017-06-22 21:49:42', 0, 15, 0, 6),
(129, '1', 'a', '2017-06-22 21:49:42', 0, 15, 0, 6),
(130, '1', 'a', '2017-06-22 21:49:42', 0, 15, 0, 6),
(131, '1', 'alooo', '2017-06-22 21:49:42', 0, 15, 0, 6),
(132, '1', 'heyyy', '2017-06-22 21:49:42', 0, 15, 0, 6),
(133, '1', 'VV', '2017-06-22 21:49:42', 0, 15, 0, 6),
(134, '1', 'alo', '2017-06-22 21:49:42', 0, 15, 0, 3),
(135, '1', 'alo', '2017-06-22 21:49:42', 0, 15, 0, 3),
(136, '1', 'ac', '2017-06-22 21:49:42', 0, 0, 1, 1),
(137, '1', 'alo', '2017-06-22 21:49:42', 0, 15, 0, 6),
(138, '1', 'a', '2017-06-22 21:49:42', 0, 15, 0, 3),
(139, '1', 'a', '2017-06-22 21:49:42', 0, 0, 1, 1),
(140, '1', 'a', '2017-06-22 21:49:42', 0, 15, 0, 6),
(141, '1', 'a', '2017-06-22 21:49:42', 0, 15, 0, 3),
(142, '1', 'a', '2017-06-22 21:49:42', 0, 15, 0, 3),
(143, '1', 'a', '2017-06-22 21:49:42', 0, 15, 0, 6),
(144, '1', 'a', '2017-06-22 21:49:42', 0, 15, 0, 6),
(145, '1', 'adsadasd', '2017-06-22 21:49:42', 0, 15, 0, 6),
(146, '1', 'ahihih', '2017-06-22 21:49:42', 0, 15, 0, 6),
(147, '1', 'alo', '2017-06-22 21:49:42', 0, 15, 0, 6),
(148, '1', 'alo', '2017-06-22 21:49:42', 0, 0, 1, 1),
(149, '2', 'alo admin', '2017-06-22 21:49:43', 0, 0, 1, 1),
(150, '1', 'alo', '2017-06-22 21:49:42', 0, 0, 1, 1),
(151, '2', 'alo admin oi', '2017-06-22 21:49:43', 0, 0, 1, 1),
(152, '1', ':)', '2017-06-22 21:49:42', 0, 15, 0, 3),
(153, '1', ':)', '2017-06-22 21:49:42', 0, 15, 0, 3),
(154, '1', ':))', '2017-06-22 21:49:42', 0, 15, 0, 3),
(155, '1', '=)))', '2017-06-22 21:49:42', 0, 15, 0, 3),
(156, '1', ':p', '2017-06-22 21:49:42', 0, 0, 1, 1),
(157, '1', ':P', '2017-06-22 21:49:42', 0, 0, 1, 1),
(158, '1', ':p', '2017-06-22 21:49:42', 0, 0, 1, 1),
(159, '1', ':p', '2017-06-22 21:49:42', 0, 0, 1, 1),
(160, '1', '==', '2017-06-22 21:49:42', 0, 0, 1, 1),
(163, '1', ':)', '2017-06-22 21:49:42', 0, 15, 0, 6),
(173, '1', ':)', '2017-06-22 21:49:42', 0, 0, 1, 1),
(174, '1', 'alo', '2017-06-22 21:49:42', 0, 15, 0, 3),
(175, '2', 'aloo', '2017-06-22 21:49:43', 0, 0, 1, 1),
(176, '1', 'alooooo', '2017-06-22 21:49:42', 0, 0, 1, 1),
(177, '1', 'aloo', '2017-06-22 21:49:42', 0, 0, 1, 1),
(178, '1', 'aloooo', '2017-06-22 21:49:42', 0, 0, 1, 1),
(179, '2', 'alo', '2017-06-22 21:49:43', 0, 0, 1, 1),
(180, '2', 'alo', '2017-06-22 21:49:43', 0, 0, 1, 1),
(181, '2', 'aloooooooooo', '2017-06-22 21:49:43', 0, 0, 1, 1),
(182, '2', 'aloooooooooooooooo', '2017-06-22 21:49:43', 0, 0, 1, 1),
(183, '1', 'aloo', '2017-06-22 21:49:42', 0, 0, 1, 1),
(184, '2', 'LOOO', '2017-06-22 21:49:43', 0, 0, 1, 1),
(185, '1', 'alo', '2017-06-22 21:49:42', 0, 15, 0, 3),
(186, '1', 'alooooooooooooooo', '2017-06-22 21:49:42', 0, 15, 0, 6),
(187, '1', 'aloo', '2017-06-22 21:49:42', 0, 15, 0, 6),
(188, '1', 'aloo', '2017-06-22 21:49:42', 0, 15, 0, 3),
(189, '1', 'ahihih', '2017-06-22 21:49:42', 0, 15, 0, 3),
(190, '1', 'do dien', '2017-06-22 21:49:42', 0, 15, 0, 3),
(191, '1', 'ahihi', '2017-06-22 21:49:42', 0, 15, 0, 3),
(192, '1', 'aloo', '2017-06-22 21:49:42', 0, 0, 1, 1),
(193, '1', 'hahaha', '2017-06-22 21:49:42', 0, 0, 1, 1),
(194, '1', 'alo', '2017-06-22 21:49:42', 0, 0, 1, 1),
(195, '1', 'alo', '2017-06-22 21:49:42', 0, 0, 1, 1),
(196, '1', 'alo', '2017-06-22 21:49:42', 0, 0, 1, 1),
(197, '1', 'alo', '2017-06-22 21:49:42', 0, 15, 0, 6),
(198, '1', 'alo', '2017-06-22 21:49:42', 0, 15, 0, 6),
(199, '2', 'alooooooooooooo hey ba', '2017-06-22 21:53:21', 0, 0, 1, 1),
(200, '1', 'aloooooooooooooooooooooo', '2017-06-22 21:54:18', 0, 0, 1, 1),
(201, '2', 'hehehe', '2017-06-22 21:56:24', 0, 15, 0, 10),
(202, '2', 'hehehe', '2017-06-22 21:56:28', 0, 0, 1, 1),
(203, '2', 'hehe', '2017-06-22 21:56:29', 0, 0, 1, 1),
(204, '1', ':3', '2017-06-22 23:03:46', 0, 0, 1, 1),
(205, '1', '<3', '2017-06-22 23:03:48', 0, 0, 1, 1),
(206, '2', 'hey adminnn', '2017-06-22 23:31:18', 0, 0, 1, 1),
(207, '2', 'heyyyyyyyyyyyyyy', '2017-06-22 23:31:29', 0, 0, 1, 1),
(208, '2', 'noi ne ', '2017-06-22 23:31:31', 0, 0, 1, 1),
(209, '2', 'alooooooooooo', '2017-06-22 23:31:35', 0, 0, 1, 1),
(210, '2', 'hu\'', '2017-06-22 23:31:39', 0, 0, 1, 1),
(211, '2', 'eeeeeeeeeeeee', '2017-06-23 00:29:36', 0, 0, 1, 1),
(212, '2', 'alo admin oi admin', '2017-06-23 00:29:42', 0, 0, 1, 1),
(213, '2', 'alalal', '2017-06-23 00:33:09', 0, 0, 1, 1),
(214, '2', 'alala', '2017-06-23 00:33:10', 0, 0, 1, 1),
(215, '2', 'lalal', '2017-06-23 00:33:11', 0, 0, 1, 1),
(216, '2', 'alo', '2017-06-23 00:37:13', 0, 0, 1, 1),
(217, '2', 'alo', '2017-06-23 00:37:15', 0, 0, 1, 1),
(218, '1', 'alo', '2017-06-23 08:26:45', 0, 0, 1, 1),
(219, '2', 'alooo', '2017-06-23 09:00:23', 0, 0, 1, 1),
(220, '2', 'alloo', '2017-06-23 09:00:26', 0, 0, 1, 1),
(221, '2', 'alo', '2017-06-23 09:31:07', 0, 0, 1, 1),
(222, '2', 'hey adminnn', '2017-06-23 09:31:10', 0, 0, 1, 1),
(223, '2', 'alooo', '2017-06-23 09:33:19', 0, 0, 1, 1),
(224, '2', 'heyyy', '2017-06-23 09:37:59', 0, 0, 1, 1),
(225, '2', 'alooooooooooooooooooooooooo', '2017-06-23 09:38:01', 0, 0, 1, 1),
(226, '2', 'huhuhu', '2017-06-23 09:38:03', 0, 0, 1, 1),
(227, '2', 'dasdas', '2017-06-23 09:38:24', 0, 0, 1, 1),
(228, '2', 'asd', '2017-06-23 09:38:25', 0, 0, 1, 1),
(229, '2', 'as', '2017-06-23 09:38:25', 0, 0, 1, 1),
(230, '2', 'as', '2017-06-23 09:38:26', 0, 0, 1, 1),
(231, '2', 'asd', '2017-06-23 09:38:26', 0, 0, 1, 1),
(232, '2', 'asdsa', '2017-06-23 09:38:27', 0, 0, 1, 1),
(233, '2', 'dsa', '2017-06-23 09:38:27', 0, 0, 1, 1),
(234, '2', 'jnasjslaja', '2017-06-23 09:42:34', 0, 0, 1, 1),
(235, '2', 'as', '2017-06-23 09:42:35', 0, 0, 1, 1),
(236, '2', 'sda', '2017-06-23 09:42:35', 0, 0, 1, 1),
(237, '2', 'asd', '2017-06-23 09:42:36', 0, 0, 1, 1),
(238, '2', 'sa', '2017-06-23 09:42:36', 0, 0, 1, 1),
(239, '2', 'dasds', '2017-06-23 09:42:39', 0, 0, 1, 1),
(240, '2', 'alo', '2017-06-23 09:59:02', 0, 0, 1, 1),
(241, '2', 'asdsad', '2017-06-23 09:59:04', 0, 0, 1, 1),
(242, '2', 'asdsa', '2017-06-23 09:59:06', 0, 0, 1, 1),
(243, '2', 'aloooo', '2017-06-23 10:04:47', 0, 0, 1, 1),
(244, '2', 'aloooooooooooooooo', '2017-06-23 10:05:59', 0, 0, 1, 1),
(245, '2', 'alooo', '2017-06-23 10:08:51', 0, 0, 1, 1),
(246, '1', 'hey', '2017-06-23 13:36:45', 0, 15, 0, 14),
(247, '1', 'alo', '2017-06-23 17:04:01', 0, 15, 0, 1),
(248, '1', 'alo', '2017-06-23 17:05:14', 0, 15, 0, 1),
(249, '1', 'alo', '2017-06-23 17:08:36', 0, 15, 0, 1),
(250, '1', 'alo', '2017-06-23 18:54:53', 0, 15, 0, 1),
(251, '1', 'alo', '2017-06-23 18:55:37', 0, 15, 0, 1),
(252, '1', 'alo', '2017-06-23 18:56:51', 0, 15, 0, 1),
(253, '1', 'ahihihi', '2017-06-23 18:56:59', 0, 15, 0, 1),
(254, '1', 'alo', '2017-06-23 18:57:50', 0, 15, 0, 1),
(255, '1', 'al', '2017-06-23 18:58:56', 0, 15, 0, 3),
(256, '1', 'al', '2017-06-23 18:59:05', 0, 15, 0, 3),
(257, '1', 'duy ne', '2017-06-23 18:59:07', 0, 15, 0, 3),
(258, '1', '8*', '2017-06-23 20:02:45', 0, 15, 0, 1),
(259, '1', '<3', '2017-06-23 20:02:52', 0, 15, 0, 1),
(260, '1', ':-*', '2017-06-23 20:02:58', 0, 15, 0, 1),
(261, '1', ':3', '2017-06-23 20:03:01', 0, 15, 0, 1),
(262, '10', 'hii', '2017-06-24 00:42:12', 0, 15, 0, 15),
(263, '1', 'alo', '2017-06-25 13:21:18', 5, 15, 0, 1);

-- --------------------------------------------------------

--
-- Table structure for table `room`
--

CREATE TABLE `room` (
  `id` int(11) NOT NULL,
  `name` varchar(100) COLLATE utf8_unicode_ci NOT NULL
) ENGINE=InnoDB DEFAULT CHARSET=utf8 COLLATE=utf8_unicode_ci;

--
-- Dumping data for table `room`
--

INSERT INTO `room` (`id`, `name`) VALUES
(1, 'Room 1'),
(2, 'room 2'),
(3, ' room 3');

-- --------------------------------------------------------

--
-- Table structure for table `user`
--

CREATE TABLE `user` (
  `id` int(11) NOT NULL,
  `username` varchar(20) COLLATE utf8_unicode_ci NOT NULL,
  `password` varchar(20) COLLATE utf8_unicode_ci NOT NULL,
  `avatar` varchar(30) COLLATE utf8_unicode_ci NOT NULL DEFAULT 'no-image.jpg',
  `seen` timestamp NOT NULL DEFAULT CURRENT_TIMESTAMP ON UPDATE CURRENT_TIMESTAMP,
  `status` tinyint(4) NOT NULL,
  `role` int(11) DEFAULT NULL
) ENGINE=InnoDB DEFAULT CHARSET=utf8 COLLATE=utf8_unicode_ci;

--
-- Dumping data for table `user`
--

INSERT INTO `user` (`id`, `username`, `password`, `avatar`, `seen`, `status`, `role`) VALUES
(1, 'admin', 'admin', 'Selection_168.png', '2017-06-25 06:22:45', 1, 1),
(2, 'user', 'user', 'no-image.jpg', '2017-06-25 06:16:27', 0, 0),
(3, 'user1', 'user1', 'no-image.jpg', '2017-06-22 17:47:41', 0, NULL),
(4, 'duy', '123', 'c6c5e3f3a6e94bb712f8.jpg', '2017-06-22 17:47:41', 0, NULL),
(10, 'admin1', 'admin1', 'no-image.jpg', '2017-06-25 06:20:54', 0, NULL);

-- --------------------------------------------------------

--
-- Table structure for table `user_room`
--

CREATE TABLE `user_room` (
  `id` int(11) NOT NULL,
  `user_id` int(11) NOT NULL,
  `room_id` int(11) NOT NULL,
  `is_read` int(11) NOT NULL DEFAULT '1'
) ENGINE=InnoDB DEFAULT CHARSET=utf8 COLLATE=utf8_unicode_ci;

--
-- Dumping data for table `user_room`
--

INSERT INTO `user_room` (`id`, `user_id`, `room_id`, `is_read`) VALUES
(1, 1, 1, 1),
(2, 2, 1, 0),
(3, 3, 1, 0),
(4, 1, 2, 1),
(7, 1, 3, 1),
(8, 2, 2, 1),
(9, 2, 3, 1),
(10, 4, 1, 0),
(11, 4, 2, 1),
(12, 10, 1, 0);

-- --------------------------------------------------------

--
-- Table structure for table `user_user`
--

CREATE TABLE `user_user` (
  `id` int(11) NOT NULL,
  `sender` int(11) NOT NULL,
  `receiver` int(11) NOT NULL
) ENGINE=InnoDB DEFAULT CHARSET=utf8 COLLATE=utf8_unicode_ci;

--
-- Dumping data for table `user_user`
--

INSERT INTO `user_user` (`id`, `sender`, `receiver`) VALUES
(1, 1, 2),
(3, 3, 1),
(4, 3, 2),
(6, 1, 4),
(7, 3, 4),
(10, 2, 4),
(14, 1, 1),
(15, 2, 10),
(17, 4, 10),
(18, 3, 10),
(19, 1, 10);

--
-- Indexes for dumped tables
--

--
-- Indexes for table `chat_room`
--
ALTER TABLE `chat_room`
  ADD PRIMARY KEY (`id`),
  ADD KEY `user_room_id` (`room_id`);

--
-- Indexes for table `chat_user`
--
ALTER TABLE `chat_user`
  ADD PRIMARY KEY (`id`),
  ADD KEY `user_user_id` (`user_user_id`);

--
-- Indexes for table `room`
--
ALTER TABLE `room`
  ADD PRIMARY KEY (`id`);

--
-- Indexes for table `user`
--
ALTER TABLE `user`
  ADD PRIMARY KEY (`id`),
  ADD UNIQUE KEY `username` (`username`),
  ADD KEY `id` (`id`);

--
-- Indexes for table `user_room`
--
ALTER TABLE `user_room`
  ADD PRIMARY KEY (`id`),
  ADD KEY `user_id` (`user_id`),
  ADD KEY `room_id` (`room_id`);

--
-- Indexes for table `user_user`
--
ALTER TABLE `user_user`
  ADD PRIMARY KEY (`id`),
  ADD KEY `from` (`sender`),
  ADD KEY `to` (`receiver`);

--
-- AUTO_INCREMENT for dumped tables
--

--
-- AUTO_INCREMENT for table `chat_room`
--
ALTER TABLE `chat_room`
  MODIFY `id` int(11) NOT NULL AUTO_INCREMENT, AUTO_INCREMENT=298;
--
-- AUTO_INCREMENT for table `chat_user`
--
ALTER TABLE `chat_user`
  MODIFY `id` int(11) NOT NULL AUTO_INCREMENT, AUTO_INCREMENT=264;
--
-- AUTO_INCREMENT for table `room`
--
ALTER TABLE `room`
  MODIFY `id` int(11) NOT NULL AUTO_INCREMENT, AUTO_INCREMENT=4;
--
-- AUTO_INCREMENT for table `user`
--
ALTER TABLE `user`
  MODIFY `id` int(11) NOT NULL AUTO_INCREMENT, AUTO_INCREMENT=11;
--
-- AUTO_INCREMENT for table `user_room`
--
ALTER TABLE `user_room`
  MODIFY `id` int(11) NOT NULL AUTO_INCREMENT, AUTO_INCREMENT=13;
--
-- AUTO_INCREMENT for table `user_user`
--
ALTER TABLE `user_user`
  MODIFY `id` int(11) NOT NULL AUTO_INCREMENT, AUTO_INCREMENT=20;
--
-- Constraints for dumped tables
--

--
-- Constraints for table `chat_room`
--
ALTER TABLE `chat_room`
  ADD CONSTRAINT `chat_room_ibfk_1` FOREIGN KEY (`room_id`) REFERENCES `room` (`id`) ON DELETE CASCADE ON UPDATE CASCADE;

--
-- Constraints for table `chat_user`
--
ALTER TABLE `chat_user`
  ADD CONSTRAINT `chat_user_ibfk_1` FOREIGN KEY (`user_user_id`) REFERENCES `user_user` (`id`) ON DELETE CASCADE ON UPDATE CASCADE;

--
-- Constraints for table `user_room`
--
ALTER TABLE `user_room`
  ADD CONSTRAINT `user_room_ibfk_2` FOREIGN KEY (`user_id`) REFERENCES `user` (`id`) ON DELETE CASCADE ON UPDATE CASCADE,
  ADD CONSTRAINT `user_room_ibfk_3` FOREIGN KEY (`room_id`) REFERENCES `room` (`id`) ON DELETE CASCADE ON UPDATE CASCADE;

--
-- Constraints for table `user_user`
--
ALTER TABLE `user_user`
  ADD CONSTRAINT `user_user_ibfk_1` FOREIGN KEY (`sender`) REFERENCES `user` (`id`) ON DELETE CASCADE ON UPDATE CASCADE,
  ADD CONSTRAINT `user_user_ibfk_2` FOREIGN KEY (`receiver`) REFERENCES `user` (`id`) ON DELETE CASCADE ON UPDATE CASCADE;

/*!40101 SET CHARACTER_SET_CLIENT=@OLD_CHARACTER_SET_CLIENT */;
/*!40101 SET CHARACTER_SET_RESULTS=@OLD_CHARACTER_SET_RESULTS */;
/*!40101 SET COLLATION_CONNECTION=@OLD_COLLATION_CONNECTION */;
